{
    "silhouette_score": -0.48460596972427894,
    "rmse_per_cluster": [
        3.210569932965467,
        1.6949925486193618,
        3.9420097651923727,
        0.5174066944870365,
        0.46087681798722085,
        2.2589270137523956,
        2.6905649684497384,
        0.25320101807764533,
        0.3761850270853079,
        0.5379634415079639,
        0.4233058537334319,
        1.887379256098173,
        0.49096338401600054,
        0.7847850706481155,
        0.7297506105377691,
        0.3495829614177142,
        0.32593730821875694,
        0.5164691278285654,
        0.37831658369677695,
        0.4569519352307329,
        0.5251432542649667,
        0.4395381063270638,
        0.5301849461249392,
        0.826507468980878,
        0.306651247599482,
        0.35850190694604633,
        0.465347264297202,
        0.3429591382680194,
        0.25918981080414943,
        1.4313137228080404,
        0.34518581147614674,
        0.30680947761690025,
        0.4136487440410171,
        0.5843120147362754,
        1.2211741695416582,
        0.264750582834319,
        0.60073484218687,
        0.3480285045797248,
        0.3020317414436862,
        0.5778013777231464,
        0.36277463734390525,
        0.7652932278648313,
        0.49403965308408493,
        0.3350103439530727,
        0.5748564963379665,
        0.2629733826834941,
        0.452911857993484,
        0.3390022214865862,
        0.33545235793543565,
        0.5240751123226577,
        0.39934399722283553,
        0.42839443964454704,
        0.3771197035867155,
        0.4134080129668359,
        0.337228506742293,
        0.2695475715589622,
        0.6582127505572866,
        0.341341822811097,
        0.49912316872430557,
        0.35553140542983325,
        0.48577309010383785,
        0.7331785531569565,
        0.2503597411725776,
        0.23198145519751626,
        0.3763054078803583,
        0.5271130943353242,
        0.3189096981208883,
        0.26711315954103965,
        0.31401631631744903,
        0.4127471650080951,
        0.39925989307996146,
        0.41434906392606474,
        0.43334951536736943,
        0.46607109317022655,
        0.35823087251755914,
        0.45711711886195394,
        0.6097693391058467,
        0.3482558811135257,
        0.39649322224149725,
        0.4207045367835174,
        0.5213176118923429,
        0.399358630250501,
        0.38630863053353387,
        0.4179208291584018,
        0.34312415418502334,
        0.3367750100696425,
        0.42734270421767323,
        0.36031594503562187,
        0.40225324544294994,
        0.471938724836179,
        0.3580194955357507,
        0.2635219914921703,
        0.5205612099775911,
        0.41439383372958793,
        0.33950594169240256,
        0.392553769848442,
        0.40661033138770525,
        0.3294562793452267,
        0.27801755340265855,
        0.44145115070333535,
        0.2919353353056132,
        0.28831976075954785,
        0.33830972367905926,
        0.5464018649562004,
        0.3152204989574163,
        0.42703908713892375,
        0.4884125820670425,
        0.48385544673314573,
        0.33395822907278694,
        0.4540363617352454,
        0.5403688564177206,
        0.3109818144022068,
        0.3390445136294343,
        0.44333254741723116,
        0.41971600562431316,
        0.7483827537504518,
        0.6137551103389325,
        0.4210220207425201,
        0.40166832641427413,
        0.3292688195920724,
        0.328184500954365,
        0.42364292070449955,
        0.3572229307060552,
        0.34406288830839205,
        0.2941908971239882,
        0.4165562302625202,
        0.43115506877842813,
        0.3297943871229135,
        0.3469911230941989,
        0.26661541174091075,
        0.3600602116439247,
        0.35787893669973475,
        0.37121870425517506,
        0.3102107097513648,
        0.36412452082586616,
        0.3517573911408586,
        0.3129097313922973,
        0.2591005296105036,
        0.32004529000490384,
        0.24515374364812514,
        0.34582593365577424,
        0.4436813120547992,
        0.39086845376436874,
        0.4417322802415596,
        0.4000014666639749,
        0.4124233564473677,
        0.3365124663366877,
        0.3702656343761884,
        0.4084064490974622,
        0.2849413506905121,
        0.3185242638586075,
        0.36669846663450734,
        0.2737280686293521,
        0.2705206174110284,
        0.3212343597576225,
        0.46318870049703964,
        0.2941821053550221,
        0.41421767760978834,
        0.35261666706054773,
        0.33605371410748025,
        0.3387455026351712,
        0.31756322205192655,
        0.24387752441251842,
        0.32880670444638005,
        0.37487809658819443,
        0.3292639190604758,
        0.38471477787766284,
        0.31985674571247774,
        0.3248974128688732,
        0.30672202398914916,
        0.36112476897248585,
        0.3536353661926693,
        0.36848480143540124,
        0.3195081219624938,
        0.2801688379848426,
        0.3287374906787761,
        0.3725409373478331,
        0.3635600760381824,
        0.37927308640882434,
        0.348867883302546,
        0.3260738566644058,
        0.3645758909293276,
        0.4300273893085824,
        0.2887916896311241
    ],
    "average_rmse": 0.47836774260539566,
    "n_clusters": 184,
    "noise_points": 10509
}